{"proxies":{"com.liferay.beacons.LiferayBeaconsModule":{"superPackageName":"org.appcelerator.kroll","methods":{"startRangingForRegion":{"runOnUiThread":false,"hasInvocation":false,"args":[{"converter":"org.appcelerator.kroll.KrollConverter","defaultValueProvider":"org.appcelerator.kroll.KrollConverter","name":"region","sourceName":"region","type":"java.lang.Object"}],"apiName":"startRangingForRegion","converter":"org.appcelerator.kroll.KrollConverter","defaultValueProvider":"org.appcelerator.kroll.KrollConverter","name":"__default_name__","returnType":"void"},"setScanPeriods":{"runOnUiThread":false,"hasInvocation":false,"args":[{"converter":"org.appcelerator.kroll.KrollConverter","defaultValueProvider":"org.appcelerator.kroll.KrollConverter","name":"scanPeriods","sourceName":"scanPeriods","type":"java.lang.Object"}],"apiName":"setScanPeriods","converter":"org.appcelerator.kroll.KrollConverter","defaultValueProvider":"org.appcelerator.kroll.KrollConverter","name":"__default_name__","returnType":"void"},"disableAutoRanging":{"runOnUiThread":false,"hasInvocation":false,"args":[],"apiName":"disableAutoRanging","converter":"org.appcelerator.kroll.KrollConverter","defaultValueProvider":"org.appcelerator.kroll.KrollConverter","name":"__default_name__","returnType":"void"},"stopMonitoringAllRegions":{"runOnUiThread":false,"hasInvocation":false,"args":[],"apiName":"stopMonitoringAllRegions","converter":"org.appcelerator.kroll.KrollConverter","defaultValueProvider":"org.appcelerator.kroll.KrollConverter","name":"__default_name__","returnType":"void"},"startRangingForBeacons":{"runOnUiThread":false,"hasInvocation":false,"args":[{"converter":"org.appcelerator.kroll.KrollConverter","defaultValueProvider":"org.appcelerator.kroll.KrollConverter","name":"region","sourceName":"region","type":"java.lang.Object"}],"apiName":"startRangingForBeacons","converter":"org.appcelerator.kroll.KrollConverter","defaultValueProvider":"org.appcelerator.kroll.KrollConverter","name":"__default_name__","returnType":"void"},"isReady":{"runOnUiThread":false,"hasInvocation":false,"args":[],"apiName":"isReady","converter":"org.appcelerator.kroll.KrollConverter","defaultValueProvider":"org.appcelerator.kroll.KrollConverter","name":"__default_name__","returnType":"boolean"},"setAutoRange":{"runOnUiThread":false,"hasInvocation":false,"args":[{"converter":"org.appcelerator.kroll.KrollConverter","defaultValueProvider":"org.appcelerator.kroll.KrollConverter","name":"autoRange","sourceName":"autoRange","type":"boolean"}],"apiName":"setAutoRange","converter":"org.appcelerator.kroll.KrollConverter","defaultValueProvider":"org.appcelerator.kroll.KrollConverter","name":"__default_name__","returnType":"void"},"checkAvailability":{"runOnUiThread":false,"hasInvocation":false,"args":[],"apiName":"checkAvailability","converter":"org.appcelerator.kroll.KrollConverter","defaultValueProvider":"org.appcelerator.kroll.KrollConverter","name":"__default_name__","returnType":"boolean"},"enableAutoRanging":{"runOnUiThread":false,"hasInvocation":false,"args":[],"apiName":"enableAutoRanging","converter":"org.appcelerator.kroll.KrollConverter","defaultValueProvider":"org.appcelerator.kroll.KrollConverter","name":"__default_name__","returnType":"void"},"bindBeaconService":{"runOnUiThread":false,"hasInvocation":false,"args":[],"apiName":"bindBeaconService","converter":"org.appcelerator.kroll.KrollConverter","defaultValueProvider":"org.appcelerator.kroll.KrollConverter","name":"__default_name__","returnType":"void"},"unbindBeaconService":{"runOnUiThread":false,"hasInvocation":false,"args":[],"apiName":"unbindBeaconService","converter":"org.appcelerator.kroll.KrollConverter","defaultValueProvider":"org.appcelerator.kroll.KrollConverter","name":"__default_name__","returnType":"void"},"setBackgroundMode":{"runOnUiThread":false,"hasInvocation":false,"args":[{"converter":"org.appcelerator.kroll.KrollConverter","defaultValueProvider":"org.appcelerator.kroll.KrollConverter","name":"flag","sourceName":"flag","type":"boolean"}],"apiName":"setBackgroundMode","converter":"org.appcelerator.kroll.KrollConverter","defaultValueProvider":"org.appcelerator.kroll.KrollConverter","name":"__default_name__","returnType":"void"},"stopAdvertise":{"runOnUiThread":false,"hasInvocation":false,"args":[],"apiName":"stopAdvertise","converter":"org.appcelerator.kroll.KrollConverter","defaultValueProvider":"org.appcelerator.kroll.KrollConverter","name":"__default_name__","returnType":"void"},"startMonitoringForRegion":{"runOnUiThread":false,"hasInvocation":false,"args":[{"converter":"org.appcelerator.kroll.KrollConverter","defaultValueProvider":"org.appcelerator.kroll.KrollConverter","name":"region","sourceName":"region","type":"java.lang.Object"}],"apiName":"startMonitoringForRegion","converter":"org.appcelerator.kroll.KrollConverter","defaultValueProvider":"org.appcelerator.kroll.KrollConverter","name":"__default_name__","returnType":"void"},"stopRangingForAllBeacons":{"runOnUiThread":false,"hasInvocation":false,"args":[],"apiName":"stopRangingForAllBeacons","converter":"org.appcelerator.kroll.KrollConverter","defaultValueProvider":"org.appcelerator.kroll.KrollConverter","name":"__default_name__","returnType":"void"},"startAdvertise":{"runOnUiThread":false,"hasInvocation":false,"args":[{"converter":"org.appcelerator.kroll.KrollConverter","defaultValueProvider":"org.appcelerator.kroll.KrollConverter","name":"kd","sourceName":"kd","type":"org.appcelerator.kroll.KrollDict"}],"apiName":"startAdvertise","converter":"org.appcelerator.kroll.KrollConverter","defaultValueProvider":"org.appcelerator.kroll.KrollConverter","name":"__default_name__","returnType":"void"}},"superProxyBindingClassName":"org.appcelerator.kroll.KrollModuleBindingGen","proxyClassName":"LiferayBeaconsModule","proxyAttrs":{"propertyAccessors":[],"fullAPIName":"LiferayBeacons","name":"LiferayBeacons","proxyClassName":"com.liferay.beacons.LiferayBeaconsModule","isTopLevel":false,"id":"com.liferay.beacons"},"packageName":"com.liferay.beacons","sourceName":"com.liferay.beacons.LiferayBeaconsModuleBindingGen","isTitaniumSdk":false,"superProxyClassName":"KrollModule","isModule":true,"genClassName":"LiferayBeaconsModuleBindingGen","onAppCreate":"onAppCreate"}},"modules":{"com.liferay.beacons.LiferayBeaconsModule":{"apiName":"LiferayBeacons"}}}