<?xml version="1.0" encoding="UTF-8"?>

<!--
     Copyright 2014 Liferay, Inc. All rights reserved.
     http://www.liferay.com

     Licensed under the Apache License, Version 2.0 (the "License");
     you may not use this file except in compliance with the License.
     You may obtain a copy of the License at

     http://www.apache.org/licenses/LICENSE-2.0

     Unless required by applicable law or agreed to in writing, software
     distributed under the License is distributed on an "AS IS" BASIS,
     WITHOUT WARRANTIES OR CONDITIONS OF ANY KIND, either express or implied.
     See the License for the specific language governing permissions and
     limitations under the License.

-->

<ti:module xmlns:ti="http://ti.appcelerator.org" xmlns:android="http://schemas.android.com/apk/res/android">
	<!--
		Similar to tiapp.xml, but contains module/platform specific
		configuration in <iphone>, <android>, and <mobileweb> sections
	-->
	<iphone>
	</iphone>
	<android xmlns:android="http://schemas.android.com/apk/res/android">
	<manifest>
          <uses-permission android:name="android.permission.BLUETOOTH"/>
          <uses-permission android:name="android.permission.BLUETOOTH_ADMIN"/>
        </manifest>
	</android>
	<mobileweb>
	</mobileweb>
</ti:module>
